{
  "properties": {
    "connectionReferences": {
      "shared_microsoftforms": {
        "runtimeSource": "embedded",
        "connection": {
          "connectionReferenceLogicalName": "ya_sharedmicrosoftforms_eb767"
        },
        "api": {
          "name": "shared_microsoftforms"
        }
      },
      "shared_commondataserviceforapps": {
        "runtimeSource": "embedded",
        "connection": {
          "connectionReferenceLogicalName": "new_sharedcommondataserviceforapps_d04e4"
        },
        "api": {
          "name": "shared_commondataserviceforapps"
        }
      }
    },
    "definition": {
      "$schema": "https://schema.management.azure.com/providers/Microsoft.Logic/schemas/2016-06-01/workflowdefinition.json#",
      "contentVersion": "1.0.0.0",
      "parameters": {
        "$connections": {
          "defaultValue": {},
          "type": "Object"
        },
        "$authentication": {
          "defaultValue": {},
          "type": "SecureObject"
        }
      },
      "triggers": {
        "新しい応答が送信されるとき": {
          "splitOn": "@triggerOutputs()?['body/value']",
          "metadata": {
            "operationMetadataId": "b8deae48-7e8e-44e4-a963-3ac9615252a5"
          },
          "type": "OpenApiConnectionWebhook",
          "inputs": {
            "host": {
              "connectionName": "shared_microsoftforms",
              "operationId": "CreateFormWebhook",
              "apiId": "/providers/Microsoft.PowerApps/apis/shared_microsoftforms"
            },
            "parameters": {
              "form_id": "BgDEav62EkuVH0gltbsh1JecDtq5aP1Lkt_80gTbGaJUNjRKNERDRjkzSFJFMDNSNDczRkZORTIwTy4u"
            },
            "authentication": "@parameters('$authentication')"
          }
        }
      },
      "actions": {
        "応答の詳細を取得する": {
          "runAfter": {},
          "metadata": {
            "operationMetadataId": "4f659b8c-f209-4854-8a4e-de52e17f418d"
          },
          "type": "OpenApiConnection",
          "inputs": {
            "host": {
              "connectionName": "shared_microsoftforms",
              "operationId": "GetFormResponseById",
              "apiId": "/providers/Microsoft.PowerApps/apis/shared_microsoftforms"
            },
            "parameters": {
              "form_id": "BgDEav62EkuVH0gltbsh1JecDtq5aP1Lkt_80gTbGaJUNjRKNERDRjkzSFJFMDNSNDczRkZORTIwTy4u",
              "response_id": "@triggerOutputs()?['body/resourceData/responseId']"
            },
            "authentication": "@parameters('$authentication')"
          }
        },
        "新しい行を追加する": {
          "runAfter": {
            "応答の詳細を取得する": [
              "Succeeded"
            ]
          },
          "metadata": {
            "operationMetadataId": "bbbe3c2f-174b-429d-be95-08d0f798b3eb"
          },
          "type": "OpenApiConnection",
          "inputs": {
            "host": {
              "connectionName": "shared_commondataserviceforapps",
              "operationId": "CreateRecord",
              "apiId": "/providers/Microsoft.PowerApps/apis/shared_commondataserviceforapps"
            },
            "parameters": {
              "entityName": "ya_registrations",
              "item/ya_id": "@triggerOutputs()?['body/resourceData/responseId']",
              "item/ya_day1": "@outputs('応答の詳細を取得する')?['body/r9174c50061e240d29176642cf3f2fb01']",
              "item/ya_day10": "@outputs('応答の詳細を取得する')?['body/rcadb6930cbb7431da16362e38cb5877e']",
              "item/ya_day2": "@outputs('応答の詳細を取得する')?['body/rc593cfc0e2ae42f794ea9b2aef5ba48d']",
              "item/ya_day3": "@outputs('応答の詳細を取得する')?['body/raa6e9a3c15ee4a458a622edc5fbfb3be']",
              "item/ya_day4": "@outputs('応答の詳細を取得する')?['body/r19e4b4021aec4a60b741f4a53eb116ef']",
              "item/ya_day5": "@outputs('応答の詳細を取得する')?['body/r50d66bbd158e434496dc786cddfc71f5']",
              "item/ya_day6": "@outputs('応答の詳細を取得する')?['body/r7b199cdf4b59466d950fa42c88e759b2']",
              "item/ya_day7": "@outputs('応答の詳細を取得する')?['body/ref8225218d624a448b53f4012aceaf6b']",
              "item/ya_day8": "@outputs('応答の詳細を取得する')?['body/r7fe9e548c1b3471babaf88d001666a0f']",
              "item/ya_day9": "@outputs('応答の詳細を取得する')?['body/r8c07eafe64ef48c79af70626b2e25f65']",
              "item/ya_subleader": "@outputs('応答の詳細を取得する')?['body/r530651947a5b4d8e923a89ebd9885ab1']",
              "item/ya_mail": "@outputs('応答の詳細を取得する')?['body/responder']",
              "item/ya_member3": "@outputs('応答の詳細を取得する')?['body/rf5f9e54d05f4499d8215b599fcc88a82']",
              "item/ya_member4": "@outputs('応答の詳細を取得する')?['body/r82e58e10b58642b1a94dfb8e961eb72a']",
              "item/ya_member5": "@outputs('応答の詳細を取得する')?['body/r1fbb3fff38d245c39acc180a87ece594']",
              "item/ya_member6": "@outputs('応答の詳細を取得する')?['body/r848c549f91984377b8bc65bb81a24fde']",
              "item/ya_member7": "@outputs('応答の詳細を取得する')?['body/r0bde5bc5eb7646088ea63ca45d4dba35']",
              "item/ya_member8": "@outputs('応答の詳細を取得する')?['body/r241045efcacf48a884c6c69367922d4a']",
              "item/ya_member9": "@outputs('応答の詳細を取得する')?['body/rca276478c1bc4e029887ab530c8c07d5']",
              "item/ya_member10": "@outputs('応答の詳細を取得する')?['body/r198ea81009f64593a16d345560ff8ed4']",
              "item/ya_numberofmembers": "@int(outputs('応答の詳細を取得する')?['body/r19f292dce90647b1a098a566b95c2480'])",
              "item/ya_leader": "@outputs('応答の詳細を取得する')?['body/r2a9cf6372cdf4453833bc123e5377503']",
              "item/ya_enddate": "@outputs('応答の詳細を取得する')?['body/r4efcc124a6c746d391d814bf0f0365f3']",
              "item/ya_transportation": "@outputs('応答の詳細を取得する')?['body/r4f92fab7acec41bca4ed12995a90e3ed']",
              "item/ya_address": "@outputs('応答の詳細を取得する')?['body/rb01315469baa4bcab08a7af4f03d9f39']",
              "item/ya_notes": "@outputs('応答の詳細を取得する')?['body/r2f0c15f61df64b57a97096f9e4010d4a']",
              "item/ya_groupname": "@outputs('応答の詳細を取得する')?['body/r73c17cb26545454795da86050bace4da']",
              "item/ya_finishtime": "@outputs('応答の詳細を取得する')?['body/submitDate']",
              "item/ya_mountain": "@outputs('応答の詳細を取得する')?['body/rdecb16b93a7b40188adcde913449540a']",
              "item/ya_groupaddress": "@outputs('応答の詳細を取得する')?['body/r8c11b6ea8d2e448bb7c19b08d418a494']",
              "item/ya_baggage": "@outputs('応答の詳細を取得する')?['body/rb0486d77d7f54aa1826ef4604a7b5d7d']",
              "item/ya_fullname": "@outputs('応答の詳細を取得する')?['body/rcced5da5ab7144e5b063fb8c272c7818']",
              "item/ya_fullnamekana": "@outputs('応答の詳細を取得する')?['body/rb32c277f56c74d1bba779b91ac2d4ac3']",
              "item/ya_radio": "@outputs('応答の詳細を取得する')?['body/rbe26e18a83524b648a4500dc29eb7708']",
              "item/ya_startdate": "@outputs('応答の詳細を取得する')?['body/r0d5bc48412814dbf8900f186aeccafef']",
              "item/ya_escaperoute": "@outputs('応答の詳細を取得する')?['body/r68573b01373c49a0bd25aff585157b60']",
              "item/ya_groupemergencycontactphone": "@outputs('応答の詳細を取得する')?['body/rf61c47410395465588287d7abe246ee0']",
              "item/ya_car": "@outputs('応答の詳細を取得する')?['body/r1f259be4ddee4cb38399c0fa2a36372e']",
              "item/ya_postalcode": "@outputs('応答の詳細を取得する')?['body/r5adfdccd8d4449549f18313f0e988263']",
              "item/ya_phone": "@outputs('応答の詳細を取得する')?['body/rb603895783194ebbba6a67aa4b9ff967']",
              "item/ya_food": "@outputs('応答の詳細を取得する')?['body/r2047ab1a96df4d4f9430a5fe7644600f']"
            },
            "authentication": "@parameters('$authentication')"
          }
        },
        "JSON_の解析": {
          "runAfter": {
            "新しい行を追加する": [
              "Succeeded"
            ]
          },
          "metadata": {
            "operationMetadataId": "20a38f6e-c31c-47c5-ab50-8d022652496e"
          },
          "type": "ParseJson",
          "inputs": {
            "content": "@body('応答の詳細を取得する')",
            "schema": {
              "type": "object",
              "properties": {
                "responder": {
                  "type": "string"
                },
                "submitDate": {
                  "type": "string"
                },
                "r73c17cb26545454795da86050bace4da": {
                  "type": "string"
                },
                "r8c11b6ea8d2e448bb7c19b08d418a494": {
                  "type": "string"
                },
                "rf61c47410395465588287d7abe246ee0": {
                  "type": "string"
                },
                "rc1dc5c066db24eca8479242bf5a7e942": {
                  "type": "string"
                },
                "r21f6fa2377e74271a41248a59ee30081": {
                  "type": "string"
                },
                "rcced5da5ab7144e5b063fb8c272c7818": {
                  "type": "string"
                },
                "rb32c277f56c74d1bba779b91ac2d4ac3": {
                  "type": "string"
                },
                "r5adfdccd8d4449549f18313f0e988263": {
                  "type": "string"
                },
                "rb01315469baa4bcab08a7af4f03d9f39": {
                  "type": "string"
                },
                "rb603895783194ebbba6a67aa4b9ff967": {
                  "type": "string"
                },
                "r2f0c15f61df64b57a97096f9e4010d4a": {
                  "type": "string"
                },
                "r0f1143b6614448338016fbd6a0de86e7": {
                  "type": "string"
                },
                "r0d5bc48412814dbf8900f186aeccafef": {
                  "type": "string"
                },
                "r4efcc124a6c746d391d814bf0f0365f3": {
                  "type": "string"
                },
                "rdecb16b93a7b40188adcde913449540a": {
                  "type": "string"
                },
                "rf4b2b3b525984bbfbaa42d9e1bcca965": {
                  "type": "string"
                },
                "r9174c50061e240d29176642cf3f2fb01": {
                  "type": "string"
                },
                "rc593cfc0e2ae42f794ea9b2aef5ba48d": {
                  "type": "string"
                },
                "raa6e9a3c15ee4a458a622edc5fbfb3be": {
                  "type": "string"
                },
                "r19e4b4021aec4a60b741f4a53eb116ef": {
                  "type": "string"
                },
                "r50d66bbd158e434496dc786cddfc71f5": {
                  "type": "string"
                },
                "r7b199cdf4b59466d950fa42c88e759b2": {
                  "type": "string"
                },
                "ref8225218d624a448b53f4012aceaf6b": {
                  "type": "string"
                },
                "r7fe9e548c1b3471babaf88d001666a0f": {
                  "type": "string"
                },
                "r8c07eafe64ef48c79af70626b2e25f65": {
                  "type": "string"
                },
                "rcadb6930cbb7431da16362e38cb5877e": {
                  "type": "string"
                },
                "rcf5633e9834c47b4a7c29da69f0433f8": {
                  "type": "string"
                },
                "rb0486d77d7f54aa1826ef4604a7b5d7d": {
                  "type": "string"
                },
                "r2047ab1a96df4d4f9430a5fe7644600f": {
                  "type": "string"
                },
                "rbe26e18a83524b648a4500dc29eb7708": {
                  "type": "string"
                },
                "r4f92fab7acec41bca4ed12995a90e3ed": {
                  "type": "string"
                },
                "r1f259be4ddee4cb38399c0fa2a36372e": {
                  "type": "string"
                },
                "r59ea6ad3d462440782bb75fa45247447": {
                  "type": "string"
                },
                "r19f292dce90647b1a098a566b95c2480": {
                  "type": "string"
                },
                "r2a9cf6372cdf4453833bc123e5377503": {
                  "type": "string"
                },
                "r530651947a5b4d8e923a89ebd9885ab1": {
                  "type": "string"
                },
                "rf5f9e54d05f4499d8215b599fcc88a82": {
                  "type": "string"
                },
                "r82e58e10b58642b1a94dfb8e961eb72a": {
                  "type": "string"
                },
                "r1fbb3fff38d245c39acc180a87ece594": {
                  "type": "string"
                },
                "r848c549f91984377b8bc65bb81a24fde": {
                  "type": "string"
                },
                "r0bde5bc5eb7646088ea63ca45d4dba35": {
                  "type": "string"
                },
                "r241045efcacf48a884c6c69367922d4a": {
                  "type": "string"
                },
                "rca276478c1bc4e029887ab530c8c07d5": {
                  "type": "string"
                },
                "r198ea81009f64593a16d345560ff8ed4": {
                  "type": "string"
                },
                "r68573b01373c49a0bd25aff585157b60": {
                  "type": "string"
                },
                "r3a024558f03d4c5e99ef14dde401217a": {
                  "type": "string"
                }
              }
            }
          }
        }
      },
      "outputs": {}
    }
  },
  "schemaVersion": "1.0.0.0"
}